{"train/loss": 8.9375, "train/grad_norm": 0.9582221508026123, "train/learning_rate": 0.0, "train/epoch": 1.0, "train/global_step": 300, "_timestamp": 1723049607.8625655, "_runtime": 103.45796155929565, "_step": 300, "train_runtime": 104.2912, "train_samples_per_second": 5.753, "train_steps_per_second": 2.877, "total_flos": 6029249230143488.0, "train_loss": 10.444791666666667, "_wandb": {"runtime": 107}}