{"train/loss": 9.4375, "train/grad_norm": 1.6181983947753906, "train/learning_rate": 0.0, "train/epoch": 1.0, "train/global_step": 300, "_timestamp": 1723050916.341879, "_runtime": 193.5529568195343, "_step": 300, "train_runtime": 194.452, "train_samples_per_second": 3.086, "train_steps_per_second": 1.543, "total_flos": 6025051839135744.0, "train_loss": 10.354791666666667, "_wandb": {"runtime": 205}}