{"train/loss": 10.6875, "train/grad_norm": 10.320594787597656, "train/learning_rate": 0.0019121080913989878, "train/epoch": 0.16046867040244522, "train/global_step": 315, "_timestamp": 1723053335.9872558, "_runtime": 101.80523777008057, "_step": 314}