{"train/loss": 9.8125, "train/grad_norm": 1.5047833919525146, "train/learning_rate": 0.0, "train/epoch": 1.0, "train/global_step": 300, "_timestamp": 1723050264.0586689, "_runtime": 159.04408884048462, "_step": 300, "train_runtime": 159.7967, "train_samples_per_second": 3.755, "train_steps_per_second": 1.877, "total_flos": 6029626532954112.0, "train_loss": 10.567083333333333, "_wandb": {"runtime": 162}}