{"train/loss": 9.75, "train/grad_norm": 0.830645740032196, "train/learning_rate": 0.0, "train/epoch": 1.0, "train/global_step": 300, "_timestamp": 1723049798.6628525, "_runtime": 103.3092634677887, "_step": 300, "train_runtime": 104.0614, "train_samples_per_second": 5.766, "train_steps_per_second": 2.883, "total_flos": 6026985478291456.0, "train_loss": 10.387708333333334, "_wandb": {"runtime": 107}}